Vial,Line,Sex,pastrel_SNP,Infection_Duration,Infection_Day,Collection_Day,Viral Load,Viral Load per Fly,Threshold_InfectionPA,Virus Shed,Virus Shed per Fly,SheddingPA,Shed Plate,Shed Well
1,738,m,C,3,3,6,0,0,0,0,0,0,13,B7
2,738,m,C,3,1,4,0,0,0,0,0,0,13,B8
3,738,m,C,3,2,5,0,0,0,0,0,0,19,E7
4,738,m,C,3,3,6,0,0,0,0,0,0,9,E6
5,738,m,C,3,1,4,32.6385231,12239.44616,1,0,0,0,14,D7
6,738,m,C,3,2,5,0.049574621,18.59048288,1,0.342492491,85.62312275,1,11,D5
7,738,m,C,3,3,6,2.966101646,1112.288117,1,0,0,0,19,E10
8,738,m,C,2,2,4,0,0,0,0.277869344,69.46733594,1,5,E6
9,738,m,C,2,3,5,0,0,0,0.047651462,11.91286556,1,10,H7
10,738,m,C,2,1,3,4145.04541,1554392.029,1,0.70387876,175.9696901,1,2,A10
11,738,m,C,2,2,4,0,0,0,0,0,0,14,D6
12,738,m,C,2,3,5,0,0,0,12.53166294,3132.915735,1,21,G9
13,738,m,C,2,1,3,0,0,0,0.497289211,124.3223026,1,NA,NA
14,738,m,C,1,1,2,0.048618339,18.23187713,1,0.4647322,116.18305,1,3,C6
15,738,m,C,1,2,3,0,0,0,0.198191926,49.54798147,1,12,D6
16,738,m,C,1,3,4,0,0,0,0.742491543,185.6228858,1,7,H7
17,738,m,C,1,1,2,0,0,0,0,0,0,17,B4
18,738,m,C,1,2,3,0.171999335,64.49975073,1,0,0,0,11,H5
19,738,m,C,2,2,4,4.58225584,1718.34594,1,0.759806871,189.9517179,1,7,H10
20,738,m,C,2,3,5,6.580188751,2467.570782,1,1.390220046,347.5550115,1,14,H8
21,738,m,C,1,3,4,0.002641526,0.990572269,1,0,0,0,12,H10
22,738,m,C,1,1,2,0,0,0,0.095492549,23.87313731,1,16,E8
23,738,m,C,1,2,3,0.204923555,76.84633322,1,0.040501945,10.12548618,1,NA,NA
24,738,m,C,1,3,4,0.675422966,253.2836124,1,0.220127657,55.03191426,1,20,C7
25,738,m,C,1,1,2,0.029272379,10.97714226,1,0,0,0,12,H9
26,738,m,C,2,1,3,2.491808414,934.4281554,1,0.282165378,70.54134458,1,9,C7
27,738,m,C,3,1,4,0.663896739,248.9612773,1,0,0,0,18,F6
28,738,m,C,3,2,5,0,0,0,0.068440795,17.11019874,1,5,F9
29,738,m,C,2,2,4,193.5679626,72587.98599,1,8.811475754,2202.868938,1,NA,NA
30,738,m,C,2,3,5,19.23844147,7214.41555,1,0.286120325,71.53008133,1,10,A10
31,738,m,C,2,1,3,0,0,0,0.863169491,215.7923728,1,6,H8
33,738,m,C,3,1,4,,0,0,0,0,0,17,E8
136,502,m,C,3,3,6,0,0,0,0,0,0,10,D8
137,502,m,C,2,2,4,0,0,0,0.5628227,140.7056749,1,7,C8
138,502,m,C,1,1,2,0,0,0,0,0,0,20,D10
139,502,m,C,3,3,6,4.625174522,1734.440446,1,0.136649907,34.16247666,1,3,C10
140,502,m,C,3,1,4,0,0,0,0,0,0,10,B6
141,502,m,C,3,2,5,0,0,0,1.580906987,395.2267468,1,4,H5
142,502,m,C,3,3,6,0,0,0,0.190354869,47.58871719,1,18,G10
143,502,m,C,3,1,4,NA,NA,NA,0,0,0,10,A7
144,502,m,C,3,2,5,NA,NA,NA,0.490022391,122.5055978,1,9,B10
145,502,m,C,3,3,6,NA,NA,NA,0.324554831,81.1387077,1,12,D9
146,502,m,C,3,1,4,NA,NA,NA,0.291298807,72.82470167,1,3,A9
147,502,m,C,3,2,5,0,0,0,0,0,0,18,A11
148,502,m,C,3,3,6,NA,NA,NA,0.190320104,47.58002609,1,6,F7
149,502,m,C,3,3,6,0,0,0,0,0,0,12,B9
150,502,m,C,2,3,5,0,0,0,0,0,0,12,A10
151,502,m,C,2,1,3,40.46036148,15172.63556,1,0,0,0,16,D6
152,502,m,C,2,2,4,0,0,0,0,0,0,11,B5
153,502,m,C,2,3,5,339511.375,127316765.6,1,0.536109269,134.0273172,1,15,B8
154,502,m,C,2,1,3,118.2374649,44339.04934,1,0,0,0,17,E4
155,502,m,C,2,2,4,0,0,0,33.47689438,8369.223595,1,13,E10
156,502,m,C,2,3,5,6.832849503,2562.318563,1,0,0,0,10,B5
157,502,m,C,2,1,3,170.595932,63973.4745,1,0,0,0,18,G4
158,502,m,C,2,2,4,81.90254974,30713.45615,1,2.456248999,614.0622497,1,7,F10
159,502,m,C,2,3,5,0.000232714,0.087267601,1,1.990602136,497.6505339,1,7,G9
160,502,m,C,1,2,3,0.266781628,100.0431105,1,0,0,0,16,C6
161,502,m,C,1,3,4,0.001878865,0.704574399,1,0,0,0,15,B6
162,502,m,C,1,1,2,0.313031703,117.3868887,1,0.72871083,182.1777076,1,7,H8
163,502,m,C,1,2,3,0,0,0,0,0,0,11,H6
164,502,m,C,1,3,4,0,0,0,0.072975509,18.24387722,1,3,G10
165,502,m,C,1,1,2,0.110764548,41.53670557,1,0,0,0,15,H7
166,502,m,C,1,2,3,0.170494199,63.93532455,1,0.345181316,86.29532903,1,NA,NA
167,502,m,C,1,3,4,0.033027098,12.38516159,1,0,0,0,11,B6
168,502,m,C,1,1,2,NA,NA,NA,0.264340311,66.08507782,1,2,D7
169,502,m,C,1,2,3,0.242047742,90.76790325,1,0,0,0,9,C8
170,502,m,C,1,3,4,0.189202979,70.9511172,1,0,0,0,18,B5
213,75,m,C,1,1,2,0.288856328,108.3211228,1,0,0,0,15,E6
214,75,m,C,3,3,6,0,0,0,0,0,0,9,D6
215,75,m,C,2,2,4,0,0,0,0,0,0,11,A8
216,75,m,C,3,3,6,NA,NA,NA,0,0,0,12,B10
217,75,m,C,3,1,4,NA,NA,NA,0,0,0,18,C9
218,75,m,C,3,2,5,NA,NA,NA,NA,NA,NA,8,F6
219,75,m,C,3,3,6,NA,NA,NA,0,0,0,11,G6
220,75,m,C,3,1,4,1.272309303,477.1159887,1,0.195925966,48.98149148,1,12,D5
221,75,m,C,3,2,5,0,0,0,0,0,0,19,E11
222,75,m,C,3,3,6,0.921443701,345.5413878,1,0,0,0,11,G7
223,75,m,C,3,1,4,0,0,0,11.35249138,2838.122845,1,21,G6
224,75,m,C,3,2,5,1.067737699,400.401637,1,7.07566309,1768.915772,1,8,G8
225,75,m,C,3,3,6,1.709388494,641.0206854,1,0,0,0,16,C4
226,75,m,C,3,1,4,10.66570187,3999.6382,1,1.825196981,456.2992454,1,4,F8
227,75,m,C,2,1,3,0,0,0,0,0,0,11,G8
228,75,m,C,2,2,4,0,0,0,0.250643253,62.66081333,1,2,A7
229,75,m,C,2,3,5,0,0,0,0,0,0,9,A7
230,75,m,C,2,1,3,0,0,0,0,0,0,19,E5
231,75,m,C,2,2,4,0,0,0,0,0,0,20,F5
232,75,m,C,2,3,5,14.84201717,5565.75644,1,1.981984854,495.4962134,1,13,G9
233,75,m,C,2,1,3,72.85382843,27320.18566,1,0.97379607,243.4490174,1,3,B5
234,75,m,C,2,2,4,12.30335426,4613.757849,1,0.784433663,196.1084157,1,8,H9
235,75,m,C,2,3,5,0,0,0,8.431880951,2107.970238,1,5,H6
236,75,m,C,2,1,3,10.05250835,3769.690633,1,0.091527797,22.88194932,1,14,C8
237,75,m,C,2,2,4,0.000781417,0.2930314,1,14.65229893,3663.074732,1,7,D7
238,75,m,C,1,2,3,0.255220026,95.70750967,1,0.109998025,27.49950625,1,2,B5
239,75,m,C,1,3,4,20.0879612,7532.985449,1,0,0,0,20,F6
240,75,m,C,1,1,2,0.361956656,135.733746,1,0.63494426,158.736065,1,8,D7
241,75,m,C,1,2,3,0.4649086,174.3407249,1,2.323699474,580.9248686,1,3,D6
242,75,m,C,1,3,4,1886.867554,707575.3326,1,0,0,0,10,C9
243,75,m,C,1,1,2,NA,NA,NA,0,0,0,17,C9
244,75,m,C,1,2,3,0.079100966,29.66286242,1,0.099466622,24.86665547,1,10,G8
245,75,m,C,1,3,4,4.499147892,1687.180459,1,0.016386194,4.096548539,1,11,C5
246,75,m,C,1,1,2,0,0,0,0.187997654,46.99941352,1,5,B9
247,75,m,C,1,2,3,0.146226823,54.83505875,1,16.6241703,4156.042576,1,5,G8
248,818,m,T,3,3,6,12.04020786,4515.077949,1,0.639016986,159.7542465,1,8,B6
249,818,m,T,2,2,4,12.48026752,4680.100322,1,0.046329215,11.58230379,1,10,F8
250,818,m,T,1,1,2,0,0,0,0.085689187,21.42229676,1,3,D7
251,818,m,T,3,3,6,NA,NA,NA,0.128691897,32.1729742,1,3,A8
252,818,m,T,3,1,4,6.525788784,2447.170794,1,0.11254286,28.13571505,1,2,B3
253,818,m,T,3,2,5,165015.6406,61880865.23,1,0,0,0,18,E9
254,818,m,T,3,3,6,18.71083832,7016.564369,1,0.111264281,27.81607024,1,6,E8
255,818,m,T,3,1,4,0.39335686,147.5088224,1,0.050967403,12.74185069,1,NA,NA
256,818,m,T,3,2,5,6.70879221,2515.797079,1,15.00472927,3751.182318,1,4,B9
258,818,m,T,2,1,3,691.8988037,259462.0514,1,0.03677633,9.194082581,1,18,D7
259,818,m,T,2,2,4,0,0,0,0.712617338,178.1543344,1,14,G5
260,818,m,T,2,3,5,0,0,0,1.724330187,431.0825467,1,8,D10
261,818,m,T,2,1,3,1.87266E-07,7.02249E-05,1,0.041728415,10.43210365,1,10,E9
262,818,m,T,2,2,4,0,0,0,0.481222957,120.3057393,1,10,B8
263,818,m,T,2,3,5,4.870313644,1826.367617,1,0.14096193,35.24048254,1,19,C9
264,818,m,T,1,1,2,0,0,0,0,0,0,15,F9
265,818,m,T,1,2,3,0.081568867,30.58832511,1,9.398005486,2349.501371,1,NA,NA
267,818,m,T,1,3,4,0.119210437,44.70391385,1,NA,NA,NA,7,E9
268,818,m,T,1,1,2,0,0,0,0.181692004,45.42300105,1,5,A5
269,818,m,T,1,2,3,0.11017146,41.31429736,1,0.079271019,19.81775463,1,3,A10
411,380,m,T,1,1,2,0,0,0,0.017594149,4.398537334,1,3,D10
412,380,m,T,2,2,4,0,0,0,0,0,0,14,B6
413,380,m,T,3,3,6,6.836446762,2563.667536,1,0,0,0,14,A5
414,380,m,T,3,3,6,0.29549098,110.8091176,1,0,0,0,NA,NA
415,380,m,T,3,1,4,0.022348586,8.380719926,1,0,0,0,18,G6
416,380,m,T,3,2,5,0,0,0,0,0,0,17,B6
417,380,m,T,3,3,6,166.0137177,62255.14412,1,0,0,0,17,H5
418,380,m,T,3,1,4,0,0,0,0,0,0,17,G8
419,380,m,T,3,2,5,1678.912231,629592.0868,1,0,0,0,12,G7
420,380,m,T,3,3,6,139.4841003,52306.53763,1,0.130751163,32.68779069,1,16,G7
421,380,m,T,3,1,4,23.45622444,8796.084166,1,0.033479698,8.369924501,1,6,F8
422,380,m,T,3,2,5,0,0,0,0,0,0,18,D9
423,380,m,T,3,3,6,0,0,0,0,0,0,17,D8
424,380,m,T,2,3,5,152.9680939,57363.0352,1,0,0,0,18,F5
425,380,m,T,2,1,3,46.52538681,17447.02005,1,0.272718072,68.17951798,1,5,B6
426,380,m,T,2,2,4,0,0,0,0.510481656,127.6204139,1,NA,NA
427,380,m,T,2,3,5,0,0,0,2.35308814,588.2720351,1,13,H9
428,380,m,T,2,1,3,0,0,0,2.750749111,687.6872778,1,4,H9
429,380,m,T,2,2,4,0,0,0,0,0,0,12,G8
430,380,m,T,2,3,5,0,0,0,9.373641014,2343.410254,1,NA,NA
431,380,m,T,2,1,3,0,0,0,0.142540812,35.63520312,1,2,G5
432,380,m,T,2,2,4,0,0,0,1.612570882,403.1427205,1,NA,NA
433,380,m,T,2,3,5,0,0,0,0.136024311,34.0060778,1,16,C9
434,380,m,T,2,1,3,0.058053561,21.77008521,1,1.840523243,460.1308107,1,6,G7
435,380,m,T,1,3,4,NA,NA,NA,0.418797284,104.6993211,1,20,B8
436,380,m,T,1,1,2,NA,NA,NA,0.094386272,23.59656803,1,10,G7
437,380,m,T,1,2,3,2004.514648,751692.9932,1,0,0,0,12,G9
438,380,m,T,1,3,4,1161.062988,435398.6206,1,0.904619157,226.1547893,1,20,F11
439,380,m,T,1,1,2,18.4556427,6920.866013,1,NA,NA,NA,5,G10
440,380,m,T,1,2,3,1044.3302,391623.8251,1,0,0,0,18,A6
441,380,m,T,1,3,4,16.76422119,6286.582947,1,0.147130251,36.78256273,1,19,H8
442,380,m,T,1,1,2,7.279650688,2729.869008,1,0,0,0,18,C4
443,380,m,T,1,2,3,NA,NA,NA,0.771937847,192.9844618,1,8,H10
444,380,m,T,1,3,4,NA,NA,NA,0.421279609,105.3199023,1,20,B6
515,765,m,T,3,3,6,9.643735886,3616.400957,1,0,0,0,12,F8
516,765,m,T,1,1,2,10.29774284,3861.653566,1,0,0,0,18,E7
517,765,m,T,2,2,4,0,0,0,0,0,0,17,A9
518,765,m,T,3,3,6,26.88786697,10082.95012,1,0,0,0,12,F9
519,765,m,T,3,1,4,0,0,0,0,0,0,12,F10
520,765,m,T,3,2,5,0.072357155,27.13393327,1,0,0,0,17,F9
521,765,m,T,3,3,6,0,0,0,0,0,0,11,F5
523,765,m,T,3,2,5,4.020771027,1507.789135,1,NA,NA,NA,7,B5
524,765,m,T,3,3,6,738.0204468,276757.6675,1,0.185674369,46.41859233,1,19,B9
525,765,m,T,3,1,4,0,0,0,NA,NA,NA,20,B12
526,765,m,T,3,2,5,4.749576092,1781.091034,1,0.173723146,43.43078658,1,15,C5
527,765,m,T,3,3,6,0,0,0,7.373177528,1843.294382,1,7,G6
528,765,m,T,3,1,4,1813.376953,680016.3574,1,0,0,0,18,H9
529,765,m,T,3,2,5,0,0,0,NA,NA,NA,20,H9
530,765,m,T,2,3,5,0,0,0,1.952323198,488.0807996,1,8,H5
531,765,m,T,2,1,3,0,0,0,0,0,0,10,C8
532,765,m,T,2,2,4,0,0,0,0,0,0,3,E10
533,765,m,T,2,3,5,0,0,0,0.485542446,121.3856116,1,3,H10
534,765,m,T,2,1,3,0,0,0,0,0,0,20,C10
535,765,m,T,2,2,4,0,0,0,0.78864783,197.1619576,1,3,H8
536,765,m,T,2,3,5,0,0,0,0,0,0,21,D9
537,765,m,T,2,1,3,0,0,0,3.929775953,982.4439883,1,NA,NA
538,765,m,T,2,2,4,7.434474945,2787.928104,1,0.798418105,199.6045262,1,13,G5
539,765,m,T,2,3,5,0,0,0,0.416062504,104.015626,1,2,F9
540,765,m,T,2,1,3,0,0,0,4.110804558,1027.701139,1,21,E11
541,765,m,T,1,2,3,0,0,0,0,0,0,21,D11
542,765,m,T,1,3,4,11.40627384,4277.352691,1,4.262309551,1065.577388,1,7,D10
543,765,m,T,1,1,2,NA,NA,NA,0,0,0,10,B7
545,765,m,T,1,3,4,NA,NA,NA,0.56809026,142.022565,1,NA,NA
546,765,m,T,1,1,2,NA,NA,NA,0,0,0,16,H4
547,765,m,T,1,2,3,NA,NA,NA,0,0,0,3,B6
548,765,m,T,1,3,4,2334.881104,875580.4138,1,0,0,0,9,B7
549,765,m,T,1,1,2,4.612443924,1729.666471,1,0,0,0,18,E6
550,765,m,T,1,2,3,4321.13916,1620427.185,1,0,0,0,15,B7
698,379,m,C,3,3,6,536.7907715,201296.5393,1,0.879944682,219.9861705,1,21,F7
699,379,m,C,2,2,4,0,0,0,0.641638756,160.4096889,1,8,D8
700,379,m,C,1,1,2,0,0,0,0,0,0,12,B5
701,379,m,C,3,2,5,26.53498077,9950.61779,1,1.167490363,291.8725908,1,4,F7
703,379,m,C,3,1,4,0,0,0,0.406605452,101.6513631,1,19,C8
704,379,m,C,3,2,5,0.066188715,24.82076827,1,0,0,0,12,B6
705,379,m,C,3,3,6,16.17508125,6065.65547,1,0.904723287,226.1808217,1,20,A11
706,379,m,C,3,1,4,0,0,0,NA,NA,NA,21,A12
707,379,m,C,3,2,5,13.16452694,4936.697602,1,4.573385715,1143.346429,1,20,H11
708,379,m,C,3,3,6,NA,NA,NA,0,0,0,18,H11
709,379,m,C,3,1,4,10.18698406,3820.119023,1,1.136228442,284.0571105,1,4,G7
710,379,m,C,3,2,5,4608.279785,1728104.919,1,12.93196106,3232.990265,1,21,H6
711,379,m,C,3,3,6,0,0,0,2.710355043,677.5887609,1,4,F5
712,379,m,C,3,1,4,0,0,0,10.99766827,2749.417067,1,NA,NA
713,379,m,C,2,2,4,0,0,0,0,0,0,16,F6
714,379,m,C,2,3,5,0,0,0,2.081798315,520.4495788,1,7,G8
715,379,m,C,2,1,3,0,0,0,0.703279734,175.8199334,1,2,E12
716,379,m,C,2,2,4,0,0,0,NA,NA,NA,21,A10
717,379,m,C,2,3,5,0,0,0,2.271686316,567.9215789,1,13,H10
718,379,m,C,2,1,3,0,0,0,1.037668824,259.417206,1,21,A6
719,379,m,C,2,2,4,0,0,0,1.128406167,282.1015418,1,6,G6
720,379,m,C,2,3,5,0,0,0,2.335719824,583.929956,1,NA,NA
721,379,m,C,2,1,3,0,0,0,0.889297009,222.3242521,1,8,B5
722,379,m,C,2,2,4,15.02680874,5635.053277,1,1.570277572,392.5693929,1,NA,NA
723,379,m,C,1,1,2,0.114640042,42.99001582,1,13.99977207,3499.943018,1,5,H7
724,379,m,C,1,2,3,0,0,0,0,0,0,16,D5
725,379,m,C,1,3,4,0,0,0,0,0,0,18,E11
726,379,m,C,1,1,2,NA,NA,NA,0,0,0,21,C12
727,379,m,C,1,2,3,NA,NA,NA,0,0,0,18,E12
728,379,m,C,1,3,4,4.345645428,1629.617035,1,0,0,0,18,F11
729,379,m,C,1,1,2,NA,NA,NA,0.250946522,62.73663044,1,2,D3
730,379,m,C,1,2,3,0.704308689,264.1157582,1,0,0,0,18,G11
731,379,m,C,1,3,4,0,0,0,0,0,0,9,F8
732,379,m,C,1,1,2,0.218646884,81.99258149,1,2.037123919,509.2809796,1,3,F8
733,59,m,C,1,2,3,0,0,0,0,0,0,12,E10
734,59,m,C,1,3,4,0,0,0,0,0,0,18,F10
735,59,m,C,1,1,2,0,0,0,0,0,0,9,G8
736,59,m,C,1,2,3,0,0,0,NA,NA,NA,20,G11
737,59,m,C,1,3,4,0,0,0,0,0,0,19,G8
738,59,m,C,2,3,5,NA,NA,NA,0,0,0,9,C5
739,59,m,C,2,1,3,21.69369125,8135.13422,1,2.136865854,534.2164636,1,NA,NA
740,59,m,C,2,2,4,NA,NA,NA,0.782081783,195.5204457,1,13,G6
741,59,m,C,2,3,5,0,0,0,3.2740767,818.5191751,1,20,A10
742,59,m,C,2,1,3,NA,NA,NA,0.838987708,209.746927,1,7,A8
743,59,m,C,2,2,4,NA,NA,NA,0.378327429,94.58185732,1,13,C7
744,59,m,C,2,3,5,NA,NA,NA,1.330344319,332.5860798,1,7,H6
745,59,m,C,2,1,3,NA,NA,NA,1.433922887,358.4807217,1,13,H6
746,59,m,C,2,2,4,NA,NA,NA,1.103041768,275.760442,1,20,A9
747,59,m,C,2,3,5,NA,NA,NA,1.109965086,277.4912715,1,8,C10
748,59,m,C,2,1,3,NA,NA,NA,0.191801488,47.9503721,1,12,C10
749,59,m,C,3,2,5,0,0,0,0.728156328,182.0390821,1,14,G7
750,59,m,C,3,3,6,0,0,0,0,0,0,14,C7
751,59,m,C,3,1,4,0,0,0,4.095258236,1023.814559,1,13,H7
752,59,m,C,3,2,5,0,0,0,NA,NA,NA,5,C7
753,59,m,C,3,3,6,0,0,0,0,0,0,10,E10
754,59,m,C,3,1,4,0,0,0,0,0,0,13,B9
755,59,m,C,3,2,5,0,0,0,0,0,0,20,H7
756,59,m,C,3,3,6,0,0,0,0,0,0,20,H8
757,59,m,C,3,1,4,0,0,0,2.358339787,589.5849466,1,13,G7
758,59,m,C,3,2,5,0,0,0,0.347059995,86.76499873,1,11,D6
840,138,m,T,1,1,2,0,0,0,0.816541672,204.1354179,1,4,A6
841,138,m,T,2,2,4,NA,NA,NA,1.743271589,435.8178973,1,4,C8
842,138,m,T,3,3,6,0,0,0,0.226326019,56.58150464,1,12,C9
843,138,m,T,1,1,2,0,0,0,0,0,0,6,C7
844,138,m,T,1,2,3,0,0,0,1.565334916,391.333729,1,NA,NA
845,138,m,T,1,3,4,2794.587646,1047970.367,1,NA,NA,NA,4,E6
846,138,m,T,1,1,2,0,0,0,0,0,0,5,D5
847,138,m,T,1,2,3,0,0,0,0,0,0,5,A7
848,138,m,T,1,3,4,0,0,0,1.478415489,369.6038723,1,14,H9
849,138,m,T,1,1,2,0,0,0,0,0,0,2,C4
850,138,m,T,1,2,3,0,0,0,0,0,0,6,A5
851,138,m,T,1,3,4,791.774292,296915.3595,1,0,0,0,2,A4
852,138,m,T,1,1,2,1386.534302,519950.3632,1,0.974371076,243.5927689,1,7,D8
853,138,m,T,2,2,4,NA,NA,NA,0,0,0,20,D11
854,138,m,T,2,3,5,0,0,0,0.794448912,198.612228,1,NA,NA
855,138,m,T,2,1,3,555.069519,208151.0696,1,0,0,0,18,A10
857,138,m,T,2,3,5,6.925839424,2597.189784,1,0,0,0,3,F7
858,138,m,T,2,1,3,NA,NA,NA,3.293621063,823.4052658,1,21,A5
859,138,m,T,2,2,4,NA,NA,NA,0.904558063,226.1395156,1,20,B10
860,138,m,T,2,3,5,0,0,0,1.048297763,262.0744407,1,20,E9
861,138,m,T,2,1,3,NA,NA,NA,0,0,0,3,B8
862,138,m,T,2,2,4,NA,NA,NA,0.997222066,249.3055165,1,21,G5
863,138,m,T,2,3,5,0,0,0,0,0,0,18,B10
864,138,m,T,3,1,4,320862912,1.20324E+11,1,0,0,0,12,B8
865,138,m,T,3,2,5,108.7716141,40789.35528,1,0,0,0,10,C5
866,138,m,T,3,3,6,0,0,0,0.473971337,118.4928343,1,3,C8
867,138,m,T,3,1,4,3.135675907,1175.878465,1,0,0,0,21,C9
868,138,m,T,3,2,5,0,0,0,0.475701094,118.9252734,1,3,G7
869,138,m,T,3,3,6,0,0,0,0,0,0,20,C9
870,138,m,T,3,1,4,32440230,12165086250,1,1.701509833,425.3774583,1,21,B8
871,138,m,T,3,2,5,0,0,0,0.278599858,69.64996457,1,6,C8
872,138,m,T,3,3,6,2.634348631,987.8807366,1,3.371226788,842.8066969,1,21,E12
873,138,m,T,3,1,4,0,0,0,206.904953,51726.23825,1,20,H10
874,138,m,T,3,2,5,0,0,0,0.241737232,60.4343079,1,10,E6
960,373,m,T,1,1,2,0,0,0,0,0,0,9,F9
961,373,m,T,2,2,4,NA,NA,NA,0.870224118,217.5560296,1,3,C5
962,373,m,T,3,3,6,0,0,0,0,0,0,19,G9
963,373,m,T,1,3,4,0,0,0,0,0,0,14,A10
964,373,m,T,1,1,2,0,0,0,14.38770008,3596.92502,1,6,G10
965,373,m,T,1,2,3,0.153717652,57.64411949,1,4.539256573,1134.814143,1,8,B7
966,373,m,T,1,3,4,514.661377,192998.0164,1,0,0,0,18,D4
967,373,m,T,1,1,2,0,0,0,1.715809226,428.9523065,1,21,B10
968,373,m,T,1,2,3,0.25197649,94.49118376,1,1.218119621,304.5299053,1,4,C5
969,373,m,T,1,3,4,0.376002073,141.0007775,1,0,0,0,15,G7
970,373,m,T,1,1,2,0,0,0,2.880076408,720.0191021,1,NA,NA
971,373,m,T,1,2,3,315.5180969,118319.2863,1,3.194892883,798.7232208,1,6,H5
972,373,m,T,1,3,4,0,0,0,0,0,0,NA,NA
973,373,m,T,1,1,2,0,0,0,0,0,0,NA,NA
974,373,m,T,2,2,4,NA,NA,NA,0,0,0,19,H6
975,373,m,T,2,3,5,NA,NA,NA,4.409503937,1102.375984,1,21,G12
976,373,m,T,2,1,3,NA,NA,NA,0,0,0,9,H10
977,373,m,T,2,2,4,NA,NA,NA,0,0,0,2,D11
978,373,m,T,2,3,5,0,0,0,0,0,0,2,C7
979,373,m,T,2,1,3,NA,NA,NA,3.02764225,756.9105625,1,8,B8
980,373,m,T,2,2,4,NA,NA,NA,0,0,0,5,F8
981,373,m,T,2,3,5,NA,NA,NA,18.81677437,4704.193592,1,NA,NA
982,373,m,T,2,1,3,NA,NA,NA,NA,NA,NA,NA,NA
983,373,m,T,2,2,4,NA,NA,NA,73.88450623,18471.12656,1,NA,NA
984,373,m,T,2,3,5,NA,NA,NA,0,0,0,6,A8
985,373,m,T,3,1,4,0.432110578,162.0414667,1,1.272385359,318.0963397,1,4,B6
986,373,m,T,3,2,5,0,0,0,0,0,0,2,B9
987,373,m,T,3,3,6,0,0,0,0,0,0,2,E7
988,373,m,T,3,1,4,0,0,0,0,0,0,6,B10
989,373,m,T,3,2,5,0,0,0,0,0,0,5,D10
990,373,m,T,3,3,6,0,0,0,0,0,0,5,E5
991,373,m,T,3,1,4,639.8240356,239934.0134,1,0,0,0,5,B5
992,373,m,T,3,2,5,0.227906883,85.46508104,1,1.703510165,425.8775413,1,21,E7
993,373,m,T,3,3,6,11.29905128,4237.144232,1,0,0,0,6,F9
994,373,m,T,3,1,4,0,0,0,0.360182673,90.04566818,1,NA,NA
995,373,m,T,3,2,5,494.5765381,185466.2018,1,0,0,0,18,C12
1050,59,m,C,1,1,2,0.018517094,6.94391015,1,0,0,0,NA,NA
1051,59,m,C,2,2,4,0,0,0,0,0,0,5,C8
1052,59,m,C,3,3,6,298.7614136,112035.5301,1,0,0,0,6,F6
1053,59,m,C,1,2,3,4.269112587,1600.91722,1,0,0,0,10,B10
1054,59,m,C,1,3,4,0.04650465,17.43924385,1,0,0,0,5,F6
1055,59,m,C,1,1,2,0,0,0,0,0,0,6,D8
1056,59,m,C,1,2,3,0.148162186,55.5608198,1,0,0,0,6,A10
1057,59,m,C,1,3,4,0,0,0,NA,NA,NA,7,E7
1058,59,m,C,1,1,2,1.027671218,385.3767067,1,0,0,0,5,C10
37,59,f,C,2,2,4,NA,NA,NA,0,0,0,17,E9
38,59,f,C,1,1,2,0,0,0,0.038184494,9.546123445,1,NA,NA
39,59,f,C,2,2,4,0.000455212,0.170704443,1,5.046774387,1261.693597,1,3,H5
40,59,f,C,3,3,6,NA,NA,NA,0.152689487,38.17237169,1,NA,NA
41,59,f,C,3,1,4,NA,NA,NA,0.77081418,192.7035451,1,7,H5
42,59,f,C,3,2,5,0.187134579,70.17546706,1,0,0,0,20,C11
43,59,f,C,3,3,6,0,0,0,0,0,0,15,E4
44,59,f,C,3,1,4,0.18943347,71.03755139,1,0,0,0,16,C8
45,59,f,C,3,2,5,0,0,0,0.153356224,38.33905607,1,NA,NA
46,59,f,C,3,3,6,0,0,0,0.684145033,171.0362583,1,2,H9
47,59,f,C,3,1,4,28.69852448,10761.94668,1,0.273528367,68.38209182,1,2,E5
48,59,f,C,3,2,5,0,0,0,0.595703423,148.9258558,1,7,A7
49,59,f,C,3,3,6,19.86059189,7447.721958,1,0,0,0,16,H5
50,59,f,C,3,1,4,0.032884192,12.3315719,1,0.036103103,9.025775827,1,16,A6
51,59,f,C,2,3,5,77273896,28977711000,1,0.709641039,177.4102598,1,14,G6
52,59,f,C,2,1,3,0.001337416,0.501531176,1,0,0,0,17,H6
53,59,f,C,2,2,4,5.458334923,2046.875596,1,0.641849279,160.4623199,1,19,C5
54,59,f,C,2,3,5,0,0,0,0,0,0,17,F5
55,59,f,C,2,1,3,0,0,0,13.21462345,3303.655863,1,19,A12
56,59,f,C,2,2,4,4.299627781,1612.360418,1,86.3445816,21586.1454,1,NA,NA
57,59,f,C,2,3,5,0,0,0,0,0,0,10,D5
58,59,f,C,2,1,3,8.534295082,3200.360656,1,1.611561656,402.890414,1,21,H7
59,59,f,C,2,2,4,NA,NA,NA,0,0,0,9,A5
60,59,f,C,2,3,5,12.80707932,4802.654743,1,0.195499808,48.8749519,1,11,C6
61,59,f,C,2,1,3,11.43525314,4288.219929,1,0.304601133,76.15028322,1,3,G9
62,59,f,C,2,2,4,NA,NA,NA,0,0,0,11,A9
63,59,f,C,1,3,4,0.431052536,161.6447009,1,0,0,0,10,D10
64,59,f,C,1,1,2,1340.173828,502565.1855,1,0.24528107,61.32026762,1,10,H5
65,59,f,C,1,2,3,0.076991655,28.8718706,1,0.176963121,44.24078017,1,5,E10
66,59,f,C,1,3,4,NA,NA,NA,0.270521432,67.63035804,1,6,D9
67,59,f,C,1,3,4,0.834602535,312.9759505,1,0.001136952,0.284237991,1,6,F10
68,59,f,C,1,1,2,0,0,0,0,0,0,11,A10
69,59,f,C,1,2,3,0,0,0,0,0,0,9,A6
70,59,f,C,1,3,4,0.055085413,20.65702993,1,0,0,0,19,E12
71,59,f,C,1,1,2,0,0,0,0,0,0,19,D12
72,59,f,C,1,2,3,0.004680001,1.755000267,1,0,0,0,18,F4
73,59,f,C,1,3,4,0,0,0,0,0,0,17,F8
74,59,f,C,1,1,2,0,0,0,0,0,0,17,H9
270,373,f,T,1,1,2,0.002027738,0.76040189,1,0,0,0,20,F7
271,373,f,T,3,3,6,0.580843806,217.8164274,1,0,0,0,NA,NA
272,373,f,T,2,2,4,0.564154327,211.5578726,1,7.780407429,1945.101857,1,13,E9
273,373,f,T,3,1,4,NA,NA,NA,0,0,0,15,E5
274,373,f,T,3,2,5,NA,NA,NA,0.327579528,81.89488202,1,3,E7
275,373,f,T,3,3,6,NA,NA,NA,0,0,0,14,C10
276,373,f,T,3,1,4,NA,NA,NA,0.217399701,54.34992537,1,2,D5
277,373,f,T,3,2,5,NA,NA,NA,0,0,0,12,H8
278,373,f,T,3,3,6,0,0,0,0.066746019,16.68650471,1,6,B5
279,373,f,T,3,1,4,20.29073334,7609.025002,1,1.765231967,441.3079917,1,4,G10
280,373,f,T,3,2,5,22.89339066,8585.021496,1,0.159328565,39.83214125,1,16,F8
281,373,f,T,3,3,6,28.07780838,10529.17814,1,0,0,0,17,A6
282,373,f,T,3,1,4,0,0,0,11.4813385,2870.334625,1,19,A10
283,373,f,T,3,2,5,0,0,0,0,0,0,17,E5
284,373,f,T,3,3,6,0,0,0,0.176300451,44.07511279,1,2,C5
285,373,f,T,2,2,4,1.30241E-07,4.88405E-05,1,0.053055603,13.26390076,1,5,E7
286,373,f,T,2,3,5,86.07125854,32276.72195,1,3.205752373,801.4380932,1,4,G9
287,373,f,T,2,1,3,0.000444806,0.166802285,1,21.04428101,5261.070251,1,3,G5
289,373,f,T,2,2,4,0,0,0,0.126220226,31.55505657,1,12,D8
290,373,f,T,2,3,5,0,0,0,5.698893547,1424.723387,1,5,G5
291,373,f,T,2,1,3,0,0,0,0,0,0,17,E7
292,373,f,T,2,2,4,0,0,0,0,0,0,12,H7
293,373,f,T,2,3,5,0,0,0,0,0,0,18,D11
294,373,f,T,2,1,3,0,0,0,1.375176549,343.7941372,1,14,H6
295,373,f,T,2,2,4,126.1410294,47302.88601,1,0,0,0,17,A7
296,373,f,T,1,1,2,0,0,0,NA,NA,NA,8,A5
297,373,f,T,1,2,3,0.19742924,74.03596491,1,4.68403244,1171.00811,1,NA,NA
298,373,f,T,1,3,4,4.940190315,1852.571368,1,0.103576288,25.89407191,1,16,E7
299,373,f,T,1,1,2,0.149728775,56.14829063,1,0,0,0,9,A10
300,373,f,T,1,2,3,0.282066882,105.7750806,1,0.018317668,4.579416942,1,9,A8
301,373,f,T,1,3,4,0.274416268,102.9061005,1,0,0,0,16,D8
302,373,f,T,1,1,2,0.150463372,56.42376468,1,58.67593384,14668.98346,1,13,F10
303,373,f,T,1,2,3,0.220150039,82.55626447,1,0.035844389,8.961097337,1,9,G10
304,373,f,T,1,3,4,0.152765632,57.28711188,1,0.367673934,91.91848338,1,16,E4
305,373,f,T,1,1,2,0.024707099,9.265162284,1,0,0,0,15,E8
306,373,f,T,1,2,3,0,0,0,0,0,0,12,A8
307,138,f,T,2,2,4,0,0,0,10.69626617,2674.066544,1,21,F5
308,138,f,T,3,3,6,0,0,0,0.893809497,223.4523743,1,NA,NA
309,138,f,T,1,1,2,0.267647862,100.3679484,1,0,0,0,20,F8
310,138,f,T,3,2,5,1.349785686,506.1696321,1,0.089047037,22.26175927,1,13,D8
311,138,f,T,3,3,6,0,0,0,0,0,0,12,H6
312,138,f,T,3,1,4,0.082410648,30.90399317,1,0.11397177,28.49294245,1,6,D6
313,138,f,T,3,2,5,0.001502673,0.563502341,1,0,0,0,12,A5
314,138,f,T,3,3,6,0,0,0,0.736188591,184.0471476,1,14,G9
315,138,f,T,3,1,4,2.288040638,858.0152392,1,0,0,0,19,F5
316,138,f,T,3,2,5,0.03342513,12.53442373,1,0,0,0,19,F6
317,138,f,T,3,3,6,2.60430932,976.6159952,1,0.112708561,28.17714028,1,2,F5
318,138,f,T,3,1,4,3.16229105,1185.859144,1,0.622460306,155.6150764,1,NA,NA
319,138,f,T,2,1,3,0,0,0,0.076934621,19.23365518,1,NA,NA
320,138,f,T,2,2,4,1.780763626,667.7863598,1,0.55124259,137.8106475,1,7,H9
321,138,f,T,2,3,5,0,0,0,12.8880167,3222.004175,1,20,E12
322,138,f,T,2,1,3,49.68418884,18631.57082,1,0.133280694,33.32017362,1,3,F10
323,138,f,T,2,2,4,0,0,0,0.478292257,119.5730641,1,20,D9
324,138,f,T,2,3,5,117.529892,44073.70949,1,0.709346652,177.336663,1,2,G4
325,138,f,T,2,1,3,0,0,0,0.543177962,135.7944906,1,2,F11
326,138,f,T,2,2,4,33.39706802,12523.90051,1,0,0,0,15,B9
327,138,f,T,2,3,5,0,0,0,0,0,0,19,F9
328,138,f,T,2,1,3,3.71346E-07,0.000139255,1,5.753388405,1438.347101,1,4,E9
329,138,f,T,1,1,2,0,0,0,0,0,0,20,E7
330,138,f,T,1,2,3,0,0,0,0,0,0,19,F7
331,138,f,T,1,3,4,0,0,0,110.145546,27536.38649,1,5,H9
332,138,f,T,1,1,2,0,0,0,0,0,0,20,G6
333,138,f,T,1,2,3,0.076137431,28.55153661,1,0,0,0,20,G7
334,138,f,T,1,3,4,0.674107313,252.7902424,1,13.32458401,3331.146002,1,4,C7
335,138,f,T,1,1,2,0.121625632,45.60961202,1,0,0,0,13,A7
336,138,f,T,1,2,3,0.280861467,105.3230502,1,0,0,0,19,G10
337,138,f,T,1,3,4,0,0,0,4.04542017,1011.355042,1,NA,NA
338,138,f,T,1,1,2,0,0,0,0,0,0,9,H6
375,765,f,T,1,1,2,24.0850029,9031.876087,1,0,0,0,16,F7
376,765,f,T,3,3,6,0.008516522,3.193695797,1,0,0,0,10,B9
377,765,f,T,2,2,4,0,0,0,8.108586311,2027.146578,1,7,F7
378,765,f,T,3,3,6,1140.414673,427655.5023,1,0,0,0,9,D7
379,765,f,T,3,1,4,0,0,0,0,0,0,21,C5
380,765,f,T,3,2,5,35.81974411,13432.40404,1,0,0,0,15,H5
381,765,f,T,3,3,6,0,0,0,0.030482138,7.620534394,1,12,C5
382,765,f,T,3,1,4,0.283231795,106.2119231,1,0,0,0,17,F7
383,765,f,T,3,2,5,182.8301849,68561.31935,1,0,0,0,16,H7
384,765,f,T,3,3,6,2056.969971,771363.739,1,0,0,0,12,A9
385,765,f,T,3,1,4,511.3623962,191760.8986,1,15.81765747,3954.414368,1,4,C6
386,765,f,T,3,2,5,0,0,0,30.86979294,7717.448235,1,13,E5
387,765,f,T,3,3,6,3.037148714,1138.930768,1,0.425662905,106.4157262,1,2,H8
388,765,f,T,3,1,4,0.02152657,8.072463563,1,0,0,0,14,A7
389,765,f,T,2,3,5,0,0,0,12.55481434,3138.703585,1,21,G10
390,765,f,T,2,1,3,599.373291,224764.9841,1,0,0,0,16,B7
391,765,f,T,2,2,4,4.703144073,1763.679028,1,0,0,0,10,H9
392,765,f,T,2,3,5,0,0,0,0,0,0,13,A5
393,765,f,T,2,1,3,0,0,0,0,0,0,19,H10
394,765,f,T,2,2,4,12.89824104,4836.840391,1,0,0,0,19,F10
395,765,f,T,2,3,5,0,0,0,0,0,0,19,F8
396,765,f,T,2,1,3,1.060133338,397.5500017,1,0,0,0,14,C6
397,765,f,T,2,2,4,0,0,0,0.678811431,169.7028577,1,2,A5
398,765,f,T,2,3,5,0,0,0,0,0,0,13,D6
399,765,f,T,2,1,3,0,0,0,3.321137667,830.2844167,1,20,G10
400,765,f,T,1,3,4,NA,NA,NA,0,0,0,19,F12
401,765,f,T,1,1,2,9.986397743,3744.899154,1,6.087227345,1521.806836,1,8,G9
402,765,f,T,1,2,3,26.48138046,9930.517673,1,0.386043936,96.510984,1,10,H6
403,765,f,T,1,3,4,NA,NA,NA,0,0,0,15,H8
404,765,f,T,1,1,2,NA,NA,NA,4.978595257,1244.648814,1,4,D10
405,765,f,T,1,2,3,0,0,0,0,0,0,20,G5
406,765,f,T,1,3,4,NA,NA,NA,0.153896943,38.47423568,1,13,A6
407,765,f,T,1,1,2,0,0,0,0.414992303,103.7480757,1,19,C12
408,765,f,T,1,2,3,0,0,0,0,0,0,20,G8
409,765,f,T,1,3,4,NA,NA,NA,0.131435826,32.85895661,1,10,C7
410,765,f,T,1,1,2,NA,NA,NA,0.990493894,247.6234734,1,7,B7
481,738,f,C,2,2,4,1854.373291,695389.9841,1,4.093358517,1023.339629,1,NA,NA
482,738,f,C,3,3,6,0,0,0,NA,NA,NA,6,H7
483,738,f,C,1,1,2,371.938324,139476.8715,1,0.005970712,1.492677955,1,6,E7
484,738,f,C,3,1,4,0.167760789,62.91029602,1,0,0,0,15,D5
485,738,f,C,3,2,5,0,0,0,0,0,0,10,F10
486,738,f,C,3,3,6,0.071286105,26.73228923,1,NA,NA,NA,NA,NA
487,738,f,C,3,1,4,1810.681396,679005.5237,1,0,0,0,11,G9
488,738,f,C,3,2,5,10.57907963,3967.15486,1,0,0,0,15,C8
489,738,f,C,3,3,6,1.791655779,671.8709171,1,NA,NA,NA,4,H10
490,738,f,C,3,1,4,13.85608959,5196.033597,1,0.480123609,120.0309023,1,3,A5
491,738,f,C,3,2,5,0,0,0,0.370750308,92.68757701,1,16,E5
492,738,f,C,3,3,6,0,0,0,0,0,0,19,G5
493,738,f,C,3,1,4,0.311513245,116.8174669,1,0.217105761,54.27644029,1,3,F6
494,738,f,C,2,1,3,0,0,0,NA,NA,NA,5,H5
495,738,f,C,2,2,4,0,0,0,0,0,0,NA,NA
496,738,f,C,2,3,5,0,0,0,0.021981655,5.495413672,1,9,A9
497,738,f,C,1,2,3,3654.28125,1370355.469,1,0.120230027,30.05750664,1,15,G6
498,738,f,C,2,1,3,1190.430054,446411.2701,1,0,0,0,19,G11
499,738,f,C,2,2,4,0,0,0,0,0,0,19,H9
500,738,f,C,2,3,5,0,0,0,0.007547005,1.88675127,1,17,G9
501,738,f,C,2,1,3,5297.976563,1986741.211,1,0,0,0,15,G9
502,738,f,C,2,2,4,0,0,0,0,0,0,13,A8
503,738,f,C,2,3,5,0,0,0,NA,NA,NA,8,A10
504,738,f,C,2,1,3,0,0,0,0,0,0,15,F8
505,738,f,C,1,3,4,4411.47168,1654301.88,1,0.047359236,11.8398089,1,17,D7
506,738,f,C,1,1,2,1414.980225,530617.5842,1,0,0,0,15,H9
507,738,f,C,1,2,3,0.22289443,83.58541131,1,0,0,0,13,B10
508,738,f,C,1,3,4,27.86725616,10450.22106,1,0,0,0,15,C7
509,738,f,C,1,1,2,4990.069336,1871276.001,1,0,0,0,17,C5
510,738,f,C,1,2,3,3701.985352,1388244.507,1,0.069479808,17.36995205,1,5,A9
511,738,f,C,1,3,4,NA,NA,NA,0.351927668,87.98191696,1,15,H4
512,738,f,C,1,1,2,NA,NA,NA,0,0,0,11,G10
513,738,f,C,1,2,3,NA,NA,NA,0,0,0,10,G9
514,738,f,C,1,3,4,19.56421852,7336.581945,1,8.203352928,2050.838232,1,13,F5
551,379,f,C,1,1,2,13.13820744,4926.827788,1,0,0,0,11,F6
552,379,f,C,2,2,4,0,0,0,1.779332042,444.8330104,1,6,H10
553,379,f,C,3,3,6,0,0,0,0,0,0,11,A6
554,379,f,C,3,1,4,0,0,0,0,0,0,10,G10
555,379,f,C,3,2,5,11.1525507,4182.206511,1,0,0,0,9,F5
556,379,f,C,3,3,6,0,0,0,0.806785405,201.6963512,1,4,G8
557,379,f,C,3,1,4,10.60935688,3978.50883,1,0.122658111,30.66452779,1,18,H10
558,379,f,C,3,2,5,25.0011673,9375.437737,1,0,0,0,9,F6
559,379,f,C,3,3,6,0,0,0,0,0,0,19,G12
560,379,f,C,3,1,4,1229.837524,461189.0717,1,0,0,0,11,F7
561,379,f,C,3,2,5,0,0,0,0,0,0,18,G8
562,379,f,C,3,3,6,6993.714355,2622642.883,1,NA,NA,NA,21,B11
563,379,f,C,3,1,4,0,0,0,NA,NA,NA,21,G7
564,379,f,C,3,2,5,0,0,0,NA,NA,NA,7,A9
565,379,f,C,2,3,5,10.44514561,3916.929603,1,8.227396965,2056.849241,1,3,E9
566,379,f,C,2,1,3,0,0,0,1.461323738,365.3309345,1,14,H10
567,379,f,C,2,2,4,0,0,0,2.694678307,673.6695766,1,8,G10
568,379,f,C,2,3,5,0,0,0,0,0,0,NA,NA
569,379,f,C,2,1,3,0,0,0,0,0,0,11,F8
570,379,f,C,2,2,4,0,0,0,0,0,0,17,B5
571,379,f,C,2,3,5,0,0,0,1.888095379,472.0238447,1,8,H6
572,379,f,C,2,1,3,2.025584936,759.5943511,1,1.76287353,440.7183826,1,4,B10
573,379,f,C,2,2,4,0,0,0,0.009251271,2.312817844,1,12,C8
574,379,f,C,2,3,5,0,0,0,0.44940868,112.3521701,1,11,D9
575,379,f,C,2,1,3,0,0,0,0,0,0,12,G10
576,379,f,C,1,1,2,18.57274818,6964.780569,1,0,0,0,11,A5
577,379,f,C,1,2,3,NA,NA,NA,1.744498134,436.1245334,1,4,A5
578,379,f,C,1,3,4,13.63012409,5111.296535,1,8.49628067,2124.070168,1,NA,NA
579,379,f,C,1,1,2,8.280726433,3105.272412,1,0,0,0,11,E7
580,379,f,C,1,2,3,7.101420403,2663.032651,1,0,0,0,20,D12
581,379,f,C,1,3,4,NA,NA,NA,0,0,0,11,F9
582,379,f,C,1,1,2,2079.372559,779764.7095,1,0.084926791,21.23169787,1,15,G4
583,379,f,C,1,2,3,4091.699707,1534387.39,1,0.015629426,3.907356411,1,3,G6
584,379,f,C,1,3,4,0,0,0,0.334171772,83.542943,1,21,D10
585,379,f,C,1,1,2,0,0,0,0.027175933,6.793983281,1,18,B8
586,379,f,C,1,2,3,6085.297852,2281986.694,1,0,0,0,21,C10
587,380,f,T,3,3,6,0,0,0,0.171745181,42.93629527,1,10,F6
588,380,f,T,2,2,4,0,0,0,0.899792492,224.9481231,1,20,A12
589,380,f,T,1,1,2,0.067475341,25.30325297,1,0.093413927,23.35348167,1,15,D6
590,380,f,T,3,1,4,0,0,0,0,0,0,NA,NA
591,380,f,T,3,2,5,0.232672021,87.2520078,1,0,0,0,NA,NA
592,380,f,T,3,3,6,0,0,0,NA,NA,NA,20,F12
594,380,f,T,3,2,5,5783.008789,2168628.296,1,0,0,0,9,C10
595,380,f,T,3,3,6,0,0,0,0,0,0,10,C10
596,380,f,T,3,1,4,676.1847534,253569.2825,1,0,0,0,16,H8
597,380,f,T,3,2,5,0,0,0,NA,NA,NA,NA,NA
598,380,f,T,3,3,6,3535.895264,1325960.724,1,12.1650095,3041.252375,1,21,E8
599,380,f,T,3,1,4,0,0,0,0,0,0,9,E7
600,380,f,T,3,2,5,0,0,0,0,0,0,18,F7
601,380,f,T,2,3,5,0,0,0,4.934525967,1233.631492,1,4,F10
602,380,f,T,2,1,3,6267.037109,2350138.916,1,1.565853238,391.4633095,1,NA,NA
603,380,f,T,2,2,4,0,0,0,0,0,0,9,G6
604,380,f,T,2,3,5,0,0,0,0,0,0,16,A4
605,380,f,T,2,1,3,0,0,0,0,0,0,19,F11
606,380,f,T,2,2,4,0,0,0,0,0,0,19,G6
607,380,f,T,2,3,5,0,0,0,0,0,0,16,H9
608,380,f,T,2,1,3,0,0,0,0,0,0,9,G5
609,380,f,T,2,2,4,0,0,0,0,0,0,15,B4
610,380,f,T,2,3,5,0,0,0,0,0,0,13,D10
611,380,f,T,1,1,2,NA,NA,NA,18.23101997,4557.754993,1,4,C10
612,380,f,T,1,2,3,0.199997127,74.99892265,1,2.143855572,535.9638929,1,NA,NA
613,380,f,T,1,3,4,0,0,0,0.065493241,16.37331024,1,2,D9
614,380,f,T,1,1,2,NA,NA,NA,0,0,0,9,F7
615,380,f,T,1,2,3,4.612157822,1729.559183,1,0,0,0,14,A9
616,380,f,T,1,3,4,1260.144409,472554.1534,1,0,0,0,14,D10
617,380,f,T,1,1,2,4.856929302,1821.348488,1,0.210512295,52.62807384,1,18,C7
618,380,f,T,1,2,3,0.167614996,62.85562366,1,0,0,0,13,C8
619,380,f,T,1,3,4,13.19021797,4946.331739,1,0,0,0,11,E8
620,380,f,T,1,1,2,28.40131378,10650.49267,1,0,0,0,6,G5
621,380,f,T,1,2,3,15.21497822,5705.616832,1,0,0,0,18,C6
658,75,f,C,2,2,4,0,0,0,0.841139853,210.2849633,1,4,D5
659,75,f,C,3,3,6,NA,NA,NA,0.092457324,23.11433107,1,10,E8
660,75,f,C,1,1,2,NA,NA,NA,0.115624301,28.90607528,1,5,A8
661,75,f,C,3,3,6,0,0,0,NA,NA,NA,NA,NA
662,75,f,C,3,1,4,0,0,0,0.351311684,87.82792091,1,NA,NA
663,75,f,C,3,2,5,0,0,0,0,0,0,18,H6
664,75,f,C,3,3,6,4353.90332,1632713.745,1,NA,NA,NA,8,A6
665,75,f,C,3,1,4,0,0,0,0,0,0,13,C5
666,75,f,C,3,2,5,17.20692825,6452.598095,1,0,0,0,11,B9
667,75,f,C,3,3,6,0,0,0,0,0,0,15,F6
668,75,f,C,3,1,4,0.294465542,110.4245782,1,0,0,0,10,H10
669,75,f,C,3,2,5,0,0,0,1.182907224,295.7268059,1,4,E8
670,75,f,C,3,3,6,7072.304688,2652114.258,1,0,0,0,19,G7
671,75,f,C,2,2,4,0,0,0,0,0,0,13,C10
672,75,f,C,2,3,5,0,0,0,0,0,0,17,D4
673,75,f,C,2,1,3,0,0,0,3.094867468,773.716867,1,5,G9
674,75,f,C,2,2,4,0,0,0,0,0,0,9,H5
675,75,f,C,2,3,5,4753.962402,1782735.901,1,0,0,0,13,C6
676,75,f,C,2,1,3,0,0,0,0,0,0,9,G7
677,75,f,C,2,2,4,0,0,0,0,0,0,15,A6
678,75,f,C,2,3,5,0,0,0,1.453218222,363.3045554,1,13,H5
679,75,f,C,2,1,3,0,0,0,0,0,0,11,F10
680,75,f,C,2,2,4,0,0,0,0,0,0,17,H7
681,75,f,C,2,3,5,0,0,0,1.249262452,312.315613,1,4,G5
682,75,f,C,1,1,2,6.194335461,2322.875798,1,0,0,0,18,A5
683,75,f,C,1,2,3,18.82114601,7057.929754,1,0.107364766,26.84119157,1,NA,NA
684,75,f,C,1,3,4,18.15092087,6806.595325,1,0,0,0,11,E5
685,75,f,C,1,1,2,NA,NA,NA,0,0,0,12,E8
686,75,f,C,1,2,3,NA,NA,NA,0,0,0,17,G5
687,75,f,C,1,3,4,0,0,0,0,0,0,12,E9
688,75,f,C,1,1,2,NA,NA,NA,0.658238351,164.5595878,1,2,F4
689,75,f,C,1,2,3,0.054324735,20.37177561,1,0,0,0,18,G7
690,75,f,C,1,3,4,1.307190537,490.1964515,1,0,0,0,18,B7
691,75,f,C,1,1,2,0,0,0,0,0,0,18,A8
692,75,f,C,1,2,3,NA,NA,NA,0.109147072,27.28676796,1,2,E3
760,502,f,C,3,3,6,0,0,0,0,0,0,9,G9
761,502,f,C,2,2,4,NA,NA,NA,0,0,0,9,E9
762,502,f,C,1,1,2,0,0,0,0.391672641,97.91816026,1,5,D6
763,502,f,C,3,1,4,8.71678257,3268.793464,1,0,0,0,16,C7
764,502,f,C,3,2,5,0,0,0,0,0,0,11,E6
765,502,f,C,3,3,6,0,0,0,0,0,0,18,H4
766,502,f,C,3,1,4,0,0,0,0,0,0,18,B9
767,502,f,C,3,2,5,0,0,0,0,0,0,18,C5
768,502,f,C,3,3,6,0,0,0,0,0,0,12,E5
769,502,f,C,3,1,4,0,0,0,0,0,0,12,E6
770,502,f,C,3,2,5,0,0,0,1.192169309,298.0423272,1,5,G7
771,502,f,C,3,3,6,0,0,0,2.167050362,541.7625904,1,NA,NA
772,502,f,C,3,1,4,0,0,0,0,0,0,17,F6
773,502,f,C,3,2,5,0,0,0,0.200338885,50.0847213,1,11,D10
774,502,f,C,3,3,6,0,0,0,0,0,0,18,C8
775,502,f,C,2,3,5,0,0,0,3.309844255,827.4610639,1,20,H12
776,502,f,C,2,1,3,NA,NA,NA,0,0,0,17,B7
777,502,f,C,2,2,4,NA,NA,NA,3.61949563,904.8739076,1,NA,NA
778,502,f,C,2,3,5,0,0,0,1.663764715,415.9411788,1,21,B9
779,502,f,C,2,1,3,0,0,0,3.93505311,983.7632775,1,NA,NA
780,502,f,C,2,2,4,0,0,0,0,0,0,12,E7
781,502,f,C,2,3,5,NA,NA,NA,0.643020093,160.7550234,1,2,E9
782,502,f,C,2,1,3,NA,NA,NA,0,0,0,18,A7
783,502,f,C,2,2,4,0,0,0,0.929421186,232.3552966,1,NA,NA
784,502,f,C,2,3,5,NA,NA,NA,0,0,0,9,B6
785,502,f,C,1,2,3,0,0,0,0,0,0,17,H4
786,502,f,C,1,3,4,0,0,0,0,0,0,18,D10
787,502,f,C,1,1,2,0,0,0,0,0,0,18,B12
788,502,f,C,1,2,3,0,0,0,0,0,0,20,C12
789,502,f,C,1,3,4,2.558088541,959.2832029,1,0,0,0,16,D9
790,502,f,C,1,1,2,0,0,0,0,0,0,3,B9
791,502,f,C,1,2,3,0,0,0,0,0,0,21,B7
792,502,f,C,1,3,4,0,0,0,0,0,0,16,G8
793,502,f,C,1,1,2,0.340568513,127.7131923,1,0,0,0,15,A7
794,502,f,C,1,2,3,0,0,0,0,0,0,21,D5
920,818,f,T,1,1,2,0,0,0,0,0,0,6,B9
921,818,f,T,2,2,4,NA,NA,NA,0,0,0,6,E10
922,818,f,T,3,3,6,0,0,0,0,0,0,6,A6
923,818,f,T,3,1,4,0,0,0,0,0,0,6,D10
924,818,f,T,3,2,5,0,0,0,NA,NA,NA,14,E9
925,818,f,T,3,3,6,0,0,0,0.48305735,120.7643375,1,9,B9
926,818,f,T,3,1,4,0,0,0,0.127016351,31.75408766,1,18,C11
927,818,f,T,3,2,5,163.010437,61128.91388,1,1.076251984,269.0629959,1,21,E9
928,818,f,T,3,3,6,0,0,0,0.246219218,61.55480444,1,20,H6
929,818,f,T,3,1,4,0.000346671,0.130001659,1,0,0,0,19,C6
930,818,f,T,3,2,5,0,0,0,0,0,0,2,H5
931,818,f,T,3,3,6,0,0,0,0,0,0,6,A9
932,818,f,T,3,1,4,0,0,0,0,0,0,6,C6
933,818,f,T,3,2,5,0,0,0,0.262977719,65.74442983,1,5,D7
934,818,f,T,2,1,3,NA,NA,NA,0,0,0,21,B5
935,818,f,T,2,2,4,0,0,0,1.608227611,402.0569026,1,NA,NA
936,818,f,T,2,3,5,0,0,0,0,0,0,16,F5
937,818,f,T,2,1,3,NA,NA,NA,4.491394997,1122.848749,1,21,A8
938,818,f,T,2,2,4,NA,NA,NA,0,0,0,11,B10
939,818,f,T,2,3,5,NA,NA,NA,0,0,0,21,C11
940,818,f,T,2,1,3,NA,NA,NA,0,0,0,NA,NA
941,818,f,T,2,2,4,NA,NA,NA,0,0,0,16,B9
942,818,f,T,2,3,5,NA,NA,NA,0.966039836,241.5099591,1,4,B5
943,818,f,T,2,1,3,NA,NA,NA,0,0,0,16,B4
944,818,f,T,2,2,4,NA,NA,NA,4.789943695,1197.485924,1,21,B12
945,818,f,T,2,3,5,10.13391781,3800.219178,1,0,0,0,15,A4
947,818,f,T,1,3,4,0.172208354,64.5781327,1,3.201707363,800.4268408,1,7,B8
948,818,f,T,1,1,2,943.5550537,353833.1451,1,0,0,0,9,D10
949,818,f,T,1,2,3,0,0,0,0.671190917,167.7977294,1,NA,NA
950,818,f,T,1,3,4,3235.33667,1213251.251,1,0,0,0,3,D5
951,818,f,T,1,1,2,451.6827393,169381.0272,1,0,0,0,16,G4
952,818,f,T,1,2,3,90.29885101,33862.06913,1,0,0,0,NA,NA
953,818,f,T,1,3,4,0.213157728,79.93414812,1,0,0,0,6,D5
954,818,f,T,1,1,2,0.037169222,13.93845817,1,3.221020699,805.2551746,1,21,A7
955,818,f,T,1,2,3,61594.74609,23098029.79,1,0.180346832,45.08670792,1,20,B7
956,818,f,T,1,3,4,0,0,0,0,0,0,11,B7
957,818,f,T,1,1,2,476.6087036,178728.2639,1,0,0,0,NA,NA
34,,,NA,NA,NA,NA,NA,NA,NA,NA,NA,NA,3,H7